{"acc_top1": 0.9478132262835411, "acc_top5": 0.9929220367631524}