{"acc_top1": 0.8988900345726937, "acc_top5": 0.9839873839995148}